{"cameraMode":{"drawMode":0,"name":"Shaded","section":"Shading Mode"},"sceneLighting":false,"audioPlay":false,"sceneViewState":{"showFog":true,"showMaterialUpdate":false,"showSkybox":false,"showFlares":true,"showImageEffects":true,"showParticleSystems":true},"in2DMode":false,"pivot":{"x":963.0487060546875,"y":242.33047485351563,"z":-4.4291582107543949},"rotation":{"x":-0.04964778199791908,"y":-0.941579282283783,"z":0.1599903702735901,"w":-0.2921867370605469},"size":3392.62841796875,"orthographic":false}