{"cameraMode":{"drawMode":0,"name":"Shaded","section":"Shading Mode"},"sceneLighting":false,"audioPlay":false,"sceneViewState":{"showFog":true,"showMaterialUpdate":false,"showSkybox":false,"showFlares":true,"showImageEffects":true,"showParticleSystems":true},"in2DMode":false,"pivot":{"x":-2.682209014892578e-7,"y":0.16043928265571595,"z":2.384185791015625e-7},"rotation":{"x":-0.11879034340381623,"y":-0.8766940236091614,"z":0.2787131369113922,"w":-0.37365418672561648},"size":0.7474836707115173,"orthographic":false}