{"cameraMode":{"drawMode":0,"name":"Shaded","section":"Shading Mode"},"sceneLighting":true,"audioPlay":false,"sceneViewState":{"showFog":true,"showMaterialUpdate":false,"showSkybox":true,"showFlares":true,"showImageEffects":true,"showParticleSystems":true},"in2DMode":false,"pivot":{"x":-36.586360931396487,"y":1.2571415901184083,"z":29.736610412597658},"rotation":{"x":-0.11879034340381623,"y":-0.8766940236091614,"z":0.2787131369113922,"w":-0.37365418672561648},"size":3.31514835357666,"orthographic":false}