{"cameraMode":{"drawMode":0,"name":"Shaded","section":"Shading Mode"},"sceneLighting":true,"audioPlay":false,"sceneViewState":{"showFog":true,"showMaterialUpdate":false,"showSkybox":true,"showFlares":true,"showImageEffects":true,"showParticleSystems":true},"in2DMode":false,"pivot":{"x":-36.76736068725586,"y":2.076531171798706,"z":29.031585693359376},"rotation":{"x":-0.04964778199791908,"y":-0.941579282283783,"z":0.1599903702735901,"w":-0.2921867370605469},"size":3.31514835357666,"orthographic":false}