{"cameraMode":{"drawMode":0,"name":"Shaded","section":"Shading Mode"},"sceneLighting":false,"audioPlay":false,"sceneViewState":{"showFog":true,"showMaterialUpdate":false,"showSkybox":false,"showFlares":true,"showImageEffects":true,"showParticleSystems":true},"in2DMode":false,"pivot":{"x":68.93867492675781,"y":0.1986846774816513,"z":-13.737744331359864},"rotation":{"x":-0.16899390518665315,"y":0.005024151876568794,"z":-0.0008596004918217659,"w":-0.9856126308441162},"size":309.93536376953127,"orthographic":false}