{"cameraMode":{"drawMode":0,"name":"Shaded","section":"Shading Mode"},"sceneLighting":false,"audioPlay":false,"sceneViewState":{"showFog":true,"showMaterialUpdate":false,"showSkybox":false,"showFlares":true,"showImageEffects":true,"showParticleSystems":true},"in2DMode":false,"pivot":{"x":0.0,"y":0.437385618686676,"z":-5.960464477539063e-7},"rotation":{"x":0.10480980575084686,"y":0.6924898028373718,"z":-0.10275498032569885,"w":0.7063426971435547},"size":4.6707658767700199,"orthographic":false}