{"cameraMode":{"drawMode":0,"name":"Shaded","section":"Shading Mode"},"sceneLighting":false,"audioPlay":false,"sceneViewState":{"showFog":true,"showMaterialUpdate":false,"showSkybox":false,"showFlares":true,"showImageEffects":true,"showParticleSystems":true},"in2DMode":false,"pivot":{"x":-2.047207832336426,"y":2.4270951747894289,"z":2.364598512649536},"rotation":{"x":0.010925275273621083,"y":-0.9881492257118225,"z":0.12848834693431855,"w":0.08348200470209122},"size":2.857893466949463,"orthographic":false}