{"cameraMode":{"drawMode":0,"name":"Shaded","section":"Shading Mode"},"sceneLighting":false,"audioPlay":false,"sceneViewState":{"showFog":true,"showMaterialUpdate":false,"showSkybox":false,"showFlares":true,"showImageEffects":true,"showParticleSystems":true},"in2DMode":false,"pivot":{"x":-5.960464477539063e-8,"y":0.31904178857803347,"z":5.960464477539063e-8},"rotation":{"x":-0.2000478357076645,"y":0.715717077255249,"z":-0.22753700613975526,"w":-0.6292527318000794},"size":2.292184591293335,"orthographic":false}