{"cameraMode":{"drawMode":0,"name":"Shaded","section":"Shading Mode"},"sceneLighting":false,"audioPlay":false,"sceneViewState":{"showFog":true,"showMaterialUpdate":false,"showSkybox":false,"showFlares":true,"showImageEffects":true,"showParticleSystems":true},"in2DMode":false,"pivot":{"x":0.0,"y":3.0350539684295656,"z":2.384185791015625e-7},"rotation":{"x":0.10480980575084686,"y":0.6924898028373718,"z":-0.10275498032569885,"w":0.7063426971435547},"size":11.072245597839356,"orthographic":false}