{"cameraMode":{"drawMode":0,"name":"Shaded","section":"Shading Mode"},"sceneLighting":true,"audioPlay":false,"sceneViewState":{"showFog":true,"showMaterialUpdate":false,"showSkybox":true,"showFlares":true,"showImageEffects":true,"showParticleSystems":true},"in2DMode":false,"pivot":{"x":8.271580696105957,"y":7.702845573425293,"z":8.858317375183106},"rotation":{"x":0.09230209141969681,"y":0.1354771852493286,"z":-0.012734821066260338,"w":0.9864096641540527},"size":5.253580093383789,"orthographic":false}