{"cameraMode":{"drawMode":0,"name":"Shaded","section":"Shading Mode"},"sceneLighting":true,"audioPlay":false,"sceneViewState":{"showFog":true,"showMaterialUpdate":false,"showSkybox":true,"showFlares":true,"showImageEffects":true,"showParticleSystems":true},"in2DMode":false,"pivot":{"x":5.739999771118164,"y":2.0,"z":-5.130000114440918},"rotation":{"x":0.21253643929958344,"y":0.17622686922550202,"z":-0.039060939103364947,"w":0.9603573083877564},"size":5.253580093383789,"orthographic":false}