{"cameraMode":{"drawMode":0,"name":"Shaded","section":"Shading Mode"},"sceneLighting":true,"audioPlay":false,"sceneViewState":{"showFog":true,"showMaterialUpdate":false,"showSkybox":true,"showFlares":true,"showImageEffects":true,"showParticleSystems":true},"in2DMode":false,"pivot":{"x":-34.5120964050293,"y":4.520819187164307,"z":26.479984283447267},"rotation":{"x":0.03491121530532837,"y":0.80293208360672,"z":-0.04728630930185318,"w":0.5932164192199707},"size":5.190705299377441,"orthographic":false}