{"cameraMode":{"drawMode":0,"name":"Shaded","section":"Shading Mode"},"sceneLighting":true,"audioPlay":false,"sceneViewState":{"showFog":true,"showMaterialUpdate":false,"showSkybox":true,"showFlares":true,"showImageEffects":true,"showParticleSystems":true},"in2DMode":false,"pivot":{"x":-35.23074722290039,"y":2.0241057872772219,"z":27.05066680908203},"rotation":{"x":0.050196390599012378,"y":0.7743033766746521,"z":-0.06194152683019638,"w":0.6278198957443237},"size":5.190705299377441,"orthographic":false}