{"cameraMode":{"drawMode":0,"name":"Shaded","section":"Shading Mode"},"sceneLighting":false,"audioPlay":false,"sceneViewState":{"showFog":true,"showMaterialUpdate":false,"showSkybox":false,"showFlares":true,"showImageEffects":true,"showParticleSystems":true},"in2DMode":false,"pivot":{"x":-20.416000366210939,"y":5.285017967224121,"z":34.14099884033203},"rotation":{"x":-0.008216618560254574,"y":-0.9916098713874817,"z":0.10030490159988404,"w":-0.08138994127511978},"size":33.77930450439453,"orthographic":false}