{"cameraMode":{"drawMode":0,"name":"Shaded","section":"Shading Mode"},"sceneLighting":true,"audioPlay":false,"sceneViewState":{"showFog":true,"showMaterialUpdate":false,"showSkybox":true,"showFlares":true,"showImageEffects":true,"showParticleSystems":true},"in2DMode":false,"pivot":{"x":-32.954044342041019,"y":6.711377143859863,"z":6.7490644454956059},"rotation":{"x":0.056613173335790637,"y":0.6197583079338074,"z":-0.04488464817404747,"w":0.7814761400222778},"size":5.422457218170166,"orthographic":false}