{"cameraMode":{"drawMode":0,"name":"Shaded","section":"Shading Mode"},"sceneLighting":false,"audioPlay":false,"sceneViewState":{"showFog":true,"showMaterialUpdate":false,"showSkybox":false,"showFlares":true,"showImageEffects":true,"showParticleSystems":true},"in2DMode":false,"pivot":{"x":0.03593584895133972,"y":0.7625392079353333,"z":-1.9422755241394044},"rotation":{"x":0.010524149052798748,"y":-0.987750232219696,"z":0.1359785497188568,"w":0.07599212229251862},"size":2.857893466949463,"orthographic":false}