{"cameraMode":{"drawMode":0,"name":"Shaded","section":"Shading Mode"},"sceneLighting":false,"audioPlay":false,"sceneViewState":{"showFog":true,"showMaterialUpdate":false,"showSkybox":false,"showFlares":true,"showImageEffects":true,"showParticleSystems":true},"in2DMode":false,"pivot":{"x":-0.8523982763290405,"y":0.9700563549995422,"z":0.998626708984375},"rotation":{"x":0.008426015265285969,"y":-0.9915715456008911,"z":0.09729097038507462,"w":0.08527218550443649},"size":2.857893466949463,"orthographic":false}