{"cameraMode":{"drawMode":0,"name":"Shaded","section":"Shading Mode"},"sceneLighting":false,"audioPlay":false,"sceneViewState":{"showFog":true,"showMaterialUpdate":false,"showSkybox":false,"showFlares":true,"showImageEffects":true,"showParticleSystems":true},"in2DMode":false,"pivot":{"x":-43.21590042114258,"y":3.3169543743133547,"z":28.270999908447267},"rotation":{"x":-0.16899390518665315,"y":0.005024151876568794,"z":-0.0008596004918217659,"w":-0.9856126308441162},"size":22.0,"orthographic":false}