{"cameraMode":{"drawMode":0,"name":"Shaded","section":"Shading Mode"},"sceneLighting":true,"audioPlay":false,"sceneViewState":{"showFog":true,"showMaterialUpdate":false,"showSkybox":true,"showFlares":true,"showImageEffects":true,"showParticleSystems":true},"in2DMode":false,"pivot":{"x":1277.563232421875,"y":469.3699951171875,"z":0.0},"rotation":{"x":0.09914342314004898,"y":0.01044249814003706,"z":-0.0010540373623371125,"w":0.9950448870658875},"size":355.6540222167969,"orthographic":false}