{"cameraMode":{"drawMode":0,"name":"Shaded","section":"Shading Mode"},"sceneLighting":false,"audioPlay":false,"sceneViewState":{"showFog":true,"showMaterialUpdate":false,"showSkybox":false,"showFlares":true,"showImageEffects":true,"showParticleSystems":true},"in2DMode":false,"pivot":{"x":-1.4999988079071046,"y":1.6923906750971685e-15,"z":-1.5000011920928956},"rotation":{"x":0.4063652753829956,"y":-0.03562510758638382,"z":0.01585623063147068,"w":0.912882387638092},"size":7.000357151031494,"orthographic":false}