{"cameraMode":{"drawMode":0,"name":"Shaded","section":"Shading Mode"},"sceneLighting":false,"audioPlay":false,"sceneViewState":{"showFog":true,"showMaterialUpdate":false,"showSkybox":false,"showFlares":true,"showImageEffects":true,"showParticleSystems":true},"in2DMode":false,"pivot":{"x":0.055840641260147098,"y":0.05676323175430298,"z":-0.06056326627731323},"rotation":{"x":0.21253643929958344,"y":0.17622686922550202,"z":-0.039060939103364947,"w":0.9603573083877564},"size":3.1829843521118166,"orthographic":false}