{"cameraMode":{"drawMode":0,"name":"Shaded","section":"Shading Mode"},"sceneLighting":true,"audioPlay":false,"sceneViewState":{"showFog":true,"showMaterialUpdate":false,"showSkybox":true,"showFlares":true,"showImageEffects":true,"showParticleSystems":true},"in2DMode":false,"pivot":{"x":-20.499643325805665,"y":2.421942710876465,"z":28.793811798095704},"rotation":{"x":-0.1255376636981964,"y":0.8743629455566406,"z":-0.3384389579296112,"w":-0.32432886958122256},"size":5.40250825881958,"orthographic":false}